{
    "loss": 0.4639931321144104,
    "accuracy": 0.8666666746139526
}