{
    "lr": 0.01,
    "loss": 2.80759334564209,
    "accuracy": 0.699999988079071
}