{
    "loss": 22.20134162902832,
    "accuracy": 0.20000000298023224
}